Workbook

Sheet Descriptives
A1: Wait_Time_mins | C1: What it means
A3: Mean | B3: 21.57688 | C3: The average customer waits about 21.5 minutes.
A4: Standard Error | B4: 0.94017712
A5: Median | B5: 15.1 | C5: The middle customer waits only 15 minutes.
A6: Mode | B6: 0.5 | C6: The most common wait is just 30 seconds.
A7: Standard Deviation | B7: 21.023 | C7: Very high variability. Some wait 30 secs, others wait hours.
A8: Sample Variance | B8: 441.96651
A9: Kurtosis | B9: 11.42327 | C9: Very high. This means there are heavy tails and significant outliers.
A10: Skewness | B10: 2.829117 | C10: Highly right-skewed (Mean > Median). A few extreme waits are pulling the average up.
A11: Range | B11: 161.89
A12: Minimum | B12: 0.5
A13: Maximum | B13: 162.39 | C13: Someone waited almost 3 hours! (This is a huge outlier).
A14: Sum | B14: 10788.44
A15: Count | B15: 500

Sheet Queueing Params
A2: Outlet | B2: Total Customers | C2: Total time (mins) | D2: λ (Arrival Rate) | E2: Avg Service Time | F2: μ (Service Rate) | G2: c (Servers) | H2: ρ (Utilization)
A3: McDonald's | B3: =COUNTIF(Data!B:B,A3) -> 117 | C3: 600 | D3: =B3/C3 -> 0.195 | E3: =AVERAGEIF(Data!B:B,A3,Data!J:J) -> 4.4387179 | F3: =1/E3 -> 0.22529028 | G3: 3 | H3: =D3/(G3*F3) -> 0.28851667
A4: KFC | B4: =COUNTIF(Data!B:B,A4) -> 121 | C4: 400 | D4: =B4/C4 -> 0.3025 | E4: =AVERAGEIF(Data!B:B,A4,Data!J:J) -> 5.8575207 | F4: =1/E4 -> 0.1707207 | G4: 3 | H4: =D4/(G4*F4) -> 0.59063333
A5: Dominos | B5: =COUNTIF(Data!B:B,A5) -> 129 | C5: 750 | D5: =B5/C5 -> 0.172 | E5: =AVERAGEIF(Data!B:B,A5,Data!J:J) -> 8.0581395 | F5: =1/E5 -> 0.12409812 | G5: =ROUND(AVERAGEIF(Data!B:B,A5,Data!L:L),0) -> 2 | H5: =D5/(G5*F5) -> 0.693
A6: Burger King | B6: =COUNTIF(Data!B:B,A6) -> 133 | C6: 650 | D6: =B6/C6 -> 0.20461538 | E6: =AVERAGEIF(Data!B:B,A6,Data!J:J) -> 5.1909023 | F6: =1/E6 -> 0.19264474 | G6: =ROUND(AVERAGEIF(Data!B:B,A6,Data!L:L),0) -> 2 | H6: =D6/(G6*F6) -> 0.53106923
A10: Dominos Queue Optimization
A11: λ (Arrival Rate) | B11: =D5 -> 0.172
A12: μ (Service Rate) | B12: =F5 -> 0.12409812
A13: c (Servers) | B13: 3
A14: ρ (Utilization) | B14: =B11/(B13*B12) -> 0.462
A15: P0 (Empty system) | B15: =1/(SUMPRODUCT(POWER(B11/B12,ROW(INDIRECT("1:"&B13-1)))/FACT(ROW(INDIRECT("1:"&B13-1))))+(POWER(B11/B12,B13)/FACT(B13))*(1/(1-B14))) -> 0.31532688
A16: Pw (Prob. of waiting) | B16: =(POWER(B11/B12,B13)/FACT(B13))*(1/(1-B14))*B15 -> 0.26008611
A17: Wq (Wait time in mins) | B17: =B16/(B13*B12-B11) -> 1.2985193

Sheet Pivot Chart
A3: Row Labels | B3: Average of Wait_Time_mins
A4: Burger King | B4: 15.443308
A5: Afternoon | B5: 14.111389
A6: Weekday | B6: 9.1546667
A7: Weekend | B7: 17.651905
A8: Evening | B8: 16.831277
A9: Weekday | B9: 13.100769
A10: Weekend | B10: 21.45
A11: Night | B11: 15.0976
A12: Weekday | B12: 11.63125
A13: Weekend | B13: 18.297308
A14: Dominos | B14: 39.196047
A15: Afternoon | B15: 27.567857
... A44: Grand Total | B44: 21.57688

Sheet Data
A1: Observation_ID | B1: Outlet_Name | C1: Date | D1: Day_Type | E1: Time_Slot | F1: Arrival_Time | G1: Service_Start_Time | H1: Service_End_Time | I1: Wait_Time_mins | J1: Service_Time_mins | K1: Num_People_Ahead | L1: Num_Servers_Open
A2: 1 | B2: McDonald's | C2: 01-10-2026 | D2: Weekday | E2: Night | F2: 18:15:14 | G2: 18:37:43 | H2: 18:42:30 | I2: 22.49 | J2: 4.79 | K2: 5 | L2: 1
A3: 2 | B3: McDonald's | C3: 01-10-2026 | D3: Weekday | E3: Night | F3: 20:02:01 | G3: 20:09:11 | H3: 20:12:41 | I3: 7.18 | J3: 3.5 | K3: 2 | L3: 1
A4: 3 | B4: KFC | C4: 01-10-2026 | D4: Weekday | E4: Night | F4: 12:35:12 | G4: 12:40:34 | H4: 12:46:04 | I4: 5.38 | J4: 5.49 | K4: 4 | L4: 3
A5: 4 | B5: Burger King | C5: 01-10-2026 | D5: Weekday | E5: Evening | F5: 18:51:55 | G5: 19:17:05 | H5: 19:22:24 | I5: 25.18 | J5: 5.31 | K5: 5 | L5: 1
A6: 5 | B6: KFC | C6: 01-10-2026 | D6: Weekend | E6: Evening | F6: 18:09:13 | G6: 18:32:53 | H6: 18:41:45 | I6: 23.67 | J6: 8.87 | K6: 7 | L6: 2
A7: 6 | B7: McDonald's | C7: 01-10-2026 | D7: Weekday | E7: Evening | F7: 13:22:54 | G7: 13:27:06 | H7: 13:32:03 | I7: 4.21 | J7: 4.94 | K7: 2 | L7: 2
A8: 7 | B8: Dominos | C8: 01-10-2026 | D8: Weekday | E8: Night | F8: 21:34:07 | G8: 22:13:43 | H8: 22:19:36 | I8: 39.6 | J8: 5.89 | K8: 11 | L8: 2
A9: 8 | B9: McDonald's | C9: 01-10-2026 | D9: Weekend | E9: Night | F9: 19:36:12 | G9: 19:45:07 | H9: 19:50:50 | I9: 8.92 | J9: 5.72 | K9: 5 | L9: 3
A10: 9 | B10: McDonald's | C10: 01-10-2026 | D10: Weekday | E10: Night | F10: 17:49:18 | G10: 17:59:06 | H10: 18:04:13 | I10: 9.81 | J10: 5.12 | K10: 3 | L10: 1
A11: 10 | B11: KFC | C11: 01-10-2026 | D11: Weekday | E11: Evening | F11: 18:29:40 | G11: 18:42:44 | H11: 18:48:30 | I11: 13.07 | J11: 5.77 | K11: 5 | L11: 2
A12: 11 | B12: KFC | C12: 01-10-2026 | D12: Weekend | E12: Evening | F12: 17:42:17 | G12: 17:56:32 | H12: 18:04:35 | I12: 14.25 | J12: 8.06 | K12: 7 | L12: 3
A13: 12 | B13: McDonald's | C13: 01-10-2026 | D13: Weekday | E13: Night | F13: 17:10:29 | G13: 17:20:13 | H13: 17:23:49 | I13: 9.74 | J13: 3.6 | K13: 5 | L13: 2
... A501: 500 | B501: KFC | C501: 01-10-2026 | D501: Weekday | E501: Night | F501: 20:14:20 | G501: 20:23:09 | H501: 20:27:49 | I501: 8.83 | J501: 4.66 | K501: 2 | L501: 1

Sheet Plots
